"file","sha256"
"data/derived/panel_imported.csv","0e7db0e18ce5c906f7af7eef5e71bccc3b310bae5fc3382170df961bbf35775a"
"data/derived/panel_analysis.csv","de5b2268e868832710b01c711ae081dc3248d933feab3fef31f9c224f40ec1f6"
"output/tables/T1_descriptives.csv","c85155ce1b49f6372ce308f87bd769d015fa2e942f1884aacd16d5c142356b8f"
"output/tables/T1b_between_within.csv","486d647bf9e012b644ca148a99ef2ff201152ed001b47ffb3f33d3ffa1a03006"
"output/tables/T1c_within_correlations.csv","9d8f8fcf726ac08e2d0d3044d15f9c4ef0336fd8aa4258bfb10ce48229058907"
"output/tables/T1d_variance_shares.csv","aa2bbd283a007e1400971b69a9f9aa9a1a92c1947655ba18f18c6a844dbb56ad"
"output/tables/T2_diagnostics.csv","900bd822b0d3cb12db4a2ac145c8a440059fca0a9d63672676d6ba7d8a765178"
"output/tables/T3_H1_baseline.csv","4db9af63eecff6f770940f50e328c743f668b921ae877cfe28cdab6424f7e3c2"
"output/tables/T4a_H2_coefficients.csv","6bf8e23af4cc2cbd957a94402d30aaf0c7d1be6399a58f81f16a971caeefbd50"
"output/tables/T4b_H2_tests.csv","d7c6ffb82b3442f60aa1b5c0ec25f2efdbb842089824063c3a219f0ad6c49f4e"
"output/tables/T5_robustness_bootstrap.csv","447cfe2e4bb62475768d9672193a2617952fbd239682a8b7fa88b1a58ab5cea9"
"output/tables/T6_dominant_bank_exclusions.csv","12bfd55bd18039e947193ccfe0fe3d99f6fc5c1a2d902b24ff4e8b080da77a88"
"output/tables/T7a_pcse_eq3.csv","f52b58ff8f15ec9dba558b576624be48207d85f5366e14cddbb055c1c41b2827"
"output/tables/T7b_pcse_H2.csv","827a861534afe3af945eee2a863e2b9ca302cf5c9f714c49b8838571efcabd0d"
"output/tables/T8a_cr2_eq3.csv","757df56a42bb9f6021aef29c3cec2f299ec2e6af064fdc4cb428fad37084840e"
"output/tables/T8b_cr2_H2.csv","32166cd64ed7b823de9f60c0f0bf072af6ca6a24d27579e9cdf9cee124e6e864"
"output/tables/T9_power.csv","222cc7e6f35bfaa0ee145ba26d630fb18fb514de5dfd3f66012467ab83e94b31"
