"","N","Mean","SD","Min","Median","Max"
"mtb",40,1.016873,0.417949,0.317303,1.011218,1.877091
"ln_mtb",40,-0.074856,0.449986,-1.147899,0.010846,0.629723
"Lcar",40,32.416,51.372966,5.76,18.4,321
"Lnpl",40,5.8985,4.782349,0,4.88,20
"Lldr",40,87.385,28.565349,42.23,79.71,225
"Lroa",40,-0.197565,5.148125,-17.92941,1.215364,4.709578
"Lroe",40,6.152222,17.287776,-39.364435,9.303335,26.039178
"Leps",40,162.4335,316.034755,-319,42.5,1286.54
"Lfull",40,0.85,0.36162,0,1,1
"Lsize",40,27.377974,2.239734,24.11939,26.27412,30.446355
