"","ln_mtb","Lcar","Lnpl","Lldr","Lroa","Lroe","Leps","Lfull","Lsize"
"ln_mtb",1,-0.0966,-0.099882,0.273579,-0.197901,-0.182012,-0.049725,0.13474,0.111471
"Lcar",-0.0966,1,-0.108613,-0.414439,-0.007859,0.063755,0.039634,0.208135,-0.313285
"Lnpl",-0.099882,-0.108613,1,0.011402,-0.25415,-0.619104,-0.435331,-0.218971,-0.405869
"Lldr",0.273579,-0.414439,0.011402,1,-0.647735,-0.287627,0.066943,0.016652,-0.092629
"Lroa",-0.197901,-0.007859,-0.25415,-0.647735,1,0.710577,0.329505,-0.2341,0.630876
"Lroe",-0.182012,0.063755,-0.619104,-0.287627,0.710577,1,0.585402,-0.128676,0.539783
"Leps",-0.049725,0.039634,-0.435331,0.066943,0.329505,0.585402,1,-0.045023,0.602183
"Lfull",0.13474,0.208135,-0.218971,0.016652,-0.2341,-0.128676,-0.045023,1,-0.079319
"Lsize",0.111471,-0.313285,-0.405869,-0.092629,0.630876,0.539783,0.602183,-0.079319,1
