"Model","Variable","Coef","SE_cluster","t_cluster","p_cluster","p_wcb","CI_lo","CI_hi","N","Within_R2"
"Eq4","cw_car",-0.0899782720268932,0.0238019067413436,-3.78029680582699,0.0194308266186066,0.235023502350235,-Inf,Inf,40,0.455058286550377
"Eq4","cw_negnpl",0.0616489670520824,0.0675078251773277,0.913212163036575,0.412794934176306,0.38983898389839,-0.046363553231642,0.254046268807467,40,0.455058286550377
"Eq4","Lfull",0.0157347956226212,0.119280147760758,0.13191462215641,0.901421075733696,0.914991499149915,-0.538917891464904,0.528639430993882,40,0.455058286550377
"Eq5","cw_roa",-0.153149807833307,0.121991740025754,-1.25541129096917,0.277665385952109,0.404640464046405,-Inf,0.822784112372724,40,0.551036722108313
"Eq5","cw_roe",-0.0512415919425777,0.0706081538704509,-0.725717769601989,0.508196690527239,0.559255925592559,-0.305430945876201,0.351224885118993,40,0.551036722108313
"Eq5","cw_eps",-0.0945877952805337,0.0845246476773255,-1.11905577698028,0.325776140737972,0.462646264626463,-Inf,Inf,40,0.551036722108313
"Eq5","Lfull",-0.200058169284205,0.187464849317704,-1.06717696684117,0.346019666117246,0.428942894289429,-0.893678111759709,0.31547016633948,40,0.551036722108313
"Eq6","cwbsi",0.0327907069894663,0.0625722151154745,0.524045807375564,0.627942488724233,0.865886588658866,-0.326999529924512,0.401966776170766,40,0.543464885634865
"Eq6","cwfpi",-0.260447141269871,0.148358053739126,-1.75553085731256,0.154018234883078,0.195019501950195,-0.542327443374211,0.103030090390988,40,0.543464885634865
"Eq6","cwfull",-0.07050784588563,0.075246938504092,-0.9370194626828,0.401798216099872,0.486348634863486,-0.292486314472701,0.132658888075418,40,0.543464885634865
