"Block","Model","Term","Coef","p_wcb","N"
"Main","Eq3","Lcar",-0.00108316986319132,0.468346834683468,40
"Main","Eq3","Lnpl",-0.0308679647092261,0.019001900190019,40
"Main","Eq3","Lroa",-0.0291469520351764,0.620862086208621,40
"Main","Eq3","Lroe",-0.0108971838435088,0.268926892689269,40
"Main","Eq3","Leps",-0.000302806759724395,0.726372637263726,40
"Main","Eq3","Lfull",-0.241731638469388,0.435243524352435,40
"Main","Eq4","cw_car",-0.0899782720268932,0.235023502350235,40
"Main","Eq4","cw_negnpl",0.0616489670520824,0.38983898389839,40
"Main","Eq4","H2a: CAR = -NPL",NA,0.189118911891189,40
"Main","Eq5","cw_roa",-0.153149807833307,0.404640464046405,40
"Main","Eq5","cw_roe",-0.0512415919425777,0.559255925592559,40
"Main","Eq5","cw_eps",-0.0945877952805337,0.462646264626463,40
"Main","Eq5","H2b joint",NA,0.694569456945695,40
"Main","Eq6","cwbsi",0.0327907069894663,0.865886588658866,40
"Main","Eq6","cwfpi",-0.260447141269871,0.195019501950195,40
"Main","Eq6","cwfull",-0.07050784588563,0.486348634863486,40
"Main","Eq6","H2c joint",NA,0.168716871687169,40
"Size added","Eq3","Lcar",-0.00111748913932255,0.0892089208920892,40
"Size added","Eq3","Lnpl",-0.0350537287627489,0.0151015101510151,40
"Size added","Eq3","Lroa",-0.0746933257490759,0.0594059405940594,40
"Size added","Eq3","Lroe",-0.00230063715593387,0.823082308230823,40
"Size added","Eq3","Leps",-0.000449798937095491,0.378437843784378,40
"Size added","Eq3","Lfull",-0.173670205279339,0.541054105410541,40
"Size added","Eq4","cw_car",-0.0991529131754876,0.267526752675268,40
"Size added","Eq4","cw_negnpl",0.0982107198500078,0.0694069406940694,40
"Size added","Eq4","H2a: CAR = -NPL",NA,0.0499049904990499,40
"Size added","Eq5","cw_roa",-0.313353450866208,0.13991399139914,40
"Size added","Eq5","cw_roe",0.0576427433466732,0.599059905990599,40
"Size added","Eq5","cw_eps",-0.126671583631775,0.449344934493449,40
"Size added","Eq5","H2b joint",NA,0.214921492149215,40
"Size added","Eq6","cwbsi",0.0603590200217821,0.642564256425643,40
"Size added","Eq6","cwfpi",-0.299515237350361,0.140614061406141,40
"Size added","Eq6","cwfull",-0.0537392180885707,0.503650365036504,40
"Size added","Eq6","H2c joint",NA,0.122412241224122,40
"LDR added","Eq3","Lcar",0.000421316457272087,0.844584458445845,40
"LDR added","Eq3","Lnpl",-0.0340149993488056,0.0061006100610061,40
"LDR added","Eq3","Lldr",0.00656690587391858,0.383238323832383,40
"LDR added","Eq3","Lroa",0.0150208597899688,0.8995899589959,40
"LDR added","Eq3","Lroe",-0.0139764053706645,0.0314031403140314,40
"LDR added","Eq3","Leps",-0.000439102611277186,0.728972897289729,40
"LDR added","Eq3","Lfull",-0.210266958392461,0.379437943794379,40
"LDR added","Eq4","cw_car",-0.0380893857688985,0.576557655765577,40
"LDR added","Eq4","cw_negnpl",0.04774902195014,0.548054805480548,40
"LDR added","Eq4","cw_ldr",0.111035413737577,0.394139413941394,40
"LDR added","Eq4","H2a: CAR = -NPL",NA,0.471747174717472,40
"Residualized","r_roa alone","r_roa",-0.0472565060106608,0.763576357635764,40
"Residualized","r_roe alone","r_roe",-0.00411630087546991,0.941394139413941,40
"Residualized","r_eps alone","r_eps",-0.0136262549199722,0.852585258525853,40
"Residualized","Joint","r_roa",-0.317370890922632,0.294129412941294,40
"Residualized","Joint","r_roe",-0.36073786716892,0.105910591059106,40
"Residualized","Joint","r_eps",-0.21843498447942,0.241924192419242,40
"Residualized","Joint","rROA = rROE = rEPS",NA,0.230823082308231,40
"Winsorized","Eq3","Wcar",-0.0085198372594145,0.19031903190319,40
"Winsorized","Eq3","Wnpl",-0.0449229057643523,0.0149014901490149,40
"Winsorized","Eq3","Wroa",-0.0594283301035731,0.380638063806381,40
"Winsorized","Eq3","Wroe",-0.00801303450527889,0.663966396639664,40
"Winsorized","Eq3","Weps",-9.49629860604387e-05,0.938093809380938,40
"Winsorized","Eq3","Lfull",-0.199097344624377,0.472947294729473,40
"Stale excluded","Eq3","Lcar",-0.0412180240969793,0.164016401640164,31
"Stale excluded","Eq3","Lnpl",-0.0390845961670428,0.0582058205820582,31
"Stale excluded","Eq3","Lroa",-0.218239172922935,0.164516451645165,31
"Stale excluded","Eq3","Lroe",0.00560687471003319,0.796079607960796,31
"Stale excluded","Eq3","Leps",0.00043327793307128,0.478647864786479,31
"Stale excluded","Eq3","Lfull",-0.0367904938912784,0.901590159015902,31
"Stale excluded","Eq4","cw_car",-0.00879657434786232,0.855385538553855,31
"Stale excluded","Eq4","cw_negnpl",0.0175883473843312,0.68006800680068,31
"Stale excluded","Eq4","H2a: CAR = -NPL",NA,0.046004600460046,31
"Stale excluded","Eq5","cw_roa",-0.0466398505253081,0.606660666066607,31
"Stale excluded","Eq5","cw_roe",-0.112628350877664,0.592559255925593,31
"Stale excluded","Eq5","cw_eps",-0.0162444471700919,0.875087508750875,31
"Stale excluded","Eq5","H2b joint",NA,0.792079207920792,31
"Stale excluded","Eq6","cwbsi",-0.00206990390391702,0.934893489348935,31
"Stale excluded","Eq6","cwfpi",-0.161596481987756,0.351335133513351,31
"Stale excluded","Eq6","cwfull",-0.0010604159434521,0.993499349934993,31
"Stale excluded","Eq6","H2c joint",NA,0.395739573957396,31
"Eq5 augmented","Eq5+","cw_roa",-0.102214667041219,0.620862086208621,40
"Eq5 augmented","Eq5+","cw_roe",-0.128087863965913,0.269426942694269,40
"Eq5 augmented","Eq5+","cw_eps",-0.0633074051286464,0.725872587258726,40
"Eq5 augmented","Eq5+","cw_car",-0.0466418735092101,0.468346834683468,40
"Eq5 augmented","Eq5+","cw_negnpl",0.106287760511527,0.0191019101910191,40
"Eq5 augmented","Eq5+","H2b joint",NA,0.728472847284728,40
"Eq5 augmented","Eq5+","H2a: CAR = -NPL",NA,0.0413041304130413,40
"Drop CRDB","Eq3","Lcar",-0.00248288595788058,0.0962096209620962,31
"Drop CRDB","Eq3","Lnpl",-0.0271578854311027,0.0384038403840384,31
"Drop CRDB","Eq3","Lroa",0.016901580782117,0.58005800580058,31
"Drop CRDB","Eq3","Lroe",-0.0136416053680899,0.0559055905590559,31
"Drop CRDB","Eq3","Leps",0.000366378678431223,0.173117311731173,31
"Drop CRDB","Eq3","Lfull",0.00964886193189818,0.933693369336934,31
"Drop CRDB","Eq4","cw_car",-0.11322727712512,0.093009300930093,31
"Drop CRDB","Eq4","cw_negnpl",0.0118209650827791,0.751475147514752,31
"Drop CRDB","Eq4","H2a: CAR = -NPL",NA,0.0688068806880688,31
"Drop CRDB","Eq5","cw_roa",-0.0242972321926174,0.861086108610861,31
"Drop CRDB","Eq5","cw_roe",-0.12377895652434,0.147614761476148,31
"Drop CRDB","Eq5","cw_eps",0.00687587380728941,0.920792079207921,31
"Drop CRDB","Eq5","H2b joint",NA,0.190819081908191,31
"Drop CRDB","Eq6","cwbsi",-0.0607393250981193,0.339233923392339,31
"Drop CRDB","Eq6","cwfpi",-0.0924455597535274,0.629362936293629,31
"Drop CRDB","Eq6","cwfull",0.0107270801594317,0.846084608460846,31
"Drop CRDB","Eq6","H2c joint",NA,0.116211621162116,31
"Drop NMB","Eq3","Lcar",-0.00047113119339994,0.602260226022602,31
"Drop NMB","Eq3","Lnpl",-0.028381841454951,0.062006200620062,31
"Drop NMB","Eq3","Lroa",-0.0404114168318062,0.717471747174718,31
"Drop NMB","Eq3","Lroe",-0.00709271669678577,0.74027402740274,31
"Drop NMB","Eq3","Leps",-0.000917140637076233,0.730873087308731,31
"Drop NMB","Eq3","Lfull",-0.302901997072951,0.318431843184318,31
"Drop NMB","Eq4","cw_car",-0.076514426925839,0.135513551355136,31
"Drop NMB","Eq4","cw_negnpl",0.0519783637477947,0.324732473247325,31
"Drop NMB","Eq4","H2a: CAR = -NPL",NA,0.270827082708271,31
"Drop NMB","Eq5","cw_roa",-0.201876236810082,0.674367436743674,31
"Drop NMB","Eq5","cw_roe",-0.0186507607161582,0.932793279327933,31
"Drop NMB","Eq5","cw_eps",-0.106488378284982,0.756775677567757,31
"Drop NMB","Eq5","H2b joint",NA,0.795679567956796,31
"Drop NMB","Eq6","cwbsi",0.0655356716892996,0.565456545654565,31
"Drop NMB","Eq6","cwfpi",-0.297104433702456,0.0399039903990399,31
"Drop NMB","Eq6","cwfull",-0.0928994936378615,0.336633663366337,31
"Drop NMB","Eq6","H2c joint",NA,0.144914491449145,31
"Drop DCB","Eq3","Lcar",-0.00112819336785191,0.466946694669467,34
"Drop DCB","Eq3","Lnpl",-0.0468934059159111,0.0866086608660866,34
"Drop DCB","Eq3","Lroa",-0.0227870736483295,0.678567856785679,34
"Drop DCB","Eq3","Lroe",-0.0145605327619191,0.115911591159116,34
"Drop DCB","Eq3","Leps",-0.00042665034767143,0.653565356535654,34
"Drop DCB","Eq3","Lfull",-0.105173586426318,0.514351435143514,34
"Drop DCB","Eq4","cw_car",-0.100071790975785,0.361236123612361,34
"Drop DCB","Eq4","cw_negnpl",0.0686295655070796,0.444344434443444,34
"Drop DCB","Eq4","H2a: CAR = -NPL",NA,0.322332233223322,34
"Drop DCB","Eq5","cw_roa",-0.168318202612541,0.413841384138414,34
"Drop DCB","Eq5","cw_roe",-0.036507235394319,0.585858585858586,34
"Drop DCB","Eq5","cw_eps",-0.123620027128923,0.488648864886489,34
"Drop DCB","Eq5","H2b joint",NA,0.928692869286929,34
"Drop DCB","Eq6","cwbsi",0.0523496563260282,0.811581158115812,34
"Drop DCB","Eq6","cwfpi",-0.304478456627394,0.460646064606461,34
"Drop DCB","Eq6","cwfull",-0.0408556140962477,0.461746174617462,34
"Drop DCB","Eq6","H2c joint",NA,0.451745174517452,34
"Drop Mkombozi","Eq3","Lcar",-0.00100872593791087,0.0603060306030603,33
"Drop Mkombozi","Eq3","Lnpl",-0.0322630832026284,0.0537053705370537,33
"Drop Mkombozi","Eq3","Lroa",-0.0630547716095777,0.424242424242424,33
"Drop Mkombozi","Eq3","Lroe",1.40642101781677e-06,0.999599959996,33
"Drop Mkombozi","Eq3","Leps",-0.00048184630368198,0.471647164716472,33
"Drop Mkombozi","Eq3","Lfull",-0.441779223279995,0.151015101510151,33
"Drop Mkombozi","Eq4","cw_car",-0.138074644359609,0.0566056605660566,33
"Drop Mkombozi","Eq4","cw_negnpl",0.171525994015132,0.0529052905290529,33
"Drop Mkombozi","Eq4","H2a: CAR = -NPL",NA,0.05000500050005,33
"Drop Mkombozi","Eq5","cw_roa",-0.284691585872599,0.25022502250225,33
"Drop Mkombozi","Eq5","cw_roe",0.0407972813113203,0.716871687168717,33
"Drop Mkombozi","Eq5","cw_eps",-0.136907695122814,0.598559855985599,33
"Drop Mkombozi","Eq5","H2b joint",NA,0.33963396339634,33
"Drop Mkombozi","Eq6","cwbsi",0.0648692601688622,0.618261826182618,33
"Drop Mkombozi","Eq6","cwfpi",-0.34456378595591,0.0526052605260526,33
"Drop Mkombozi","Eq6","cwfull",-0.130973673708661,0.0984098409840984,33
"Drop Mkombozi","Eq6","H2c joint",NA,0.445544554455446,33
"Drop Mwalimu","Eq3","Lcar",-0.0857039321389705,0.181818181818182,31
"Drop Mwalimu","Eq3","Lnpl",-0.0715599719838572,0.0822082208220822,31
"Drop Mwalimu","Eq3","Lroa",0.140642648054748,0.380538053805381,31
"Drop Mwalimu","Eq3","Lroe",-0.0259977089818331,0.387638763876388,31
"Drop Mwalimu","Eq3","Leps",0.000318171809830232,0.615561556155616,31
"Drop Mwalimu","Eq3","Lfull",-0.297402184454688,0.322032203220322,31
"Drop Mwalimu","Eq4","cw_car",-0.213565292120439,0.13981398139814,31
"Drop Mwalimu","Eq4","cw_negnpl",0.144183263870378,0.187118711871187,31
"Drop Mwalimu","Eq4","H2a: CAR = -NPL",NA,0.173317331733173,31
"Drop Mwalimu","Eq5","cw_roa",-0.188468747483167,0.735273527352735,31
"Drop Mwalimu","Eq5","cw_roe",0.0636018544253469,0.761876187618762,31
"Drop Mwalimu","Eq5","cw_eps",-0.0892289922606624,0.680968096809681,31
"Drop Mwalimu","Eq5","H2b joint",NA,0.928692869286929,31
"Drop Mwalimu","Eq6","cwbsi",0.0138522242059449,0.937893789378938,31
"Drop Mwalimu","Eq6","cwfpi",-0.186129695248827,0.423442344234423,31
"Drop Mwalimu","Eq6","cwfull",-0.0389900128744473,0.768576857685769,31
"Drop Mwalimu","Eq6","H2c joint",NA,0.507250725072507,31
