"Signal","Excluded","N","Coef_full","p_full","Coef_excl","p_excl","H2_test","H2_p_full","H2_p_excl","H2_conclusion_changes"
"CAR","Mwalimu",31,-0.0899782720268932,0.235023502350235,-0.213565292120439,0.13981398139814,"H2a: CAR = -NPL",0.189118911891189,0.173317331733173,FALSE
"ROA","Mwalimu",31,-0.153149807833307,0.404640464046405,-0.188468747483167,0.735273527352735,"H2b joint",0.694569456945695,0.928692869286929,FALSE
"ROE","Mkombozi",33,-0.0512415919425777,0.559255925592559,0.0407972813113203,0.716871687168717,"H2b joint",0.694569456945695,0.33963396339634,FALSE
"EPS","NMB",31,-0.0945877952805337,0.462646264626463,-0.106488378284982,0.756775677567757,"H2b joint",0.694569456945695,0.795679567956796,FALSE
"NPL","CRDB",31,0.0616489670520824,0.38983898389839,0.0118209650827791,0.751475147514752,"H2a: CAR = -NPL",0.189118911891189,0.0688068806880688,FALSE
"NPL","NMB",31,0.0616489670520824,0.38983898389839,0.0519783637477947,0.324732473247325,"H2a: CAR = -NPL",0.189118911891189,0.270827082708271,FALSE
"NPL","DCB",34,0.0616489670520824,0.38983898389839,0.0686295655070796,0.444344434443444,"H2a: CAR = -NPL",0.189118911891189,0.322332233223322,FALSE
"NPL","Mkombozi",33,0.0616489670520824,0.38983898389839,0.171525994015132,0.0529052905290529,"H2a: CAR = -NPL",0.189118911891189,0.05000500050005,FALSE
"NPL","Mwalimu",31,0.0616489670520824,0.38983898389839,0.144183263870378,0.187118711871187,"H2a: CAR = -NPL",0.189118911891189,0.173317331733173,FALSE
