"Test","Lambda","Reject_WCB_05","Reject_cluster_05","Reject_WCB_10","Reject_cluster_10","MC_SE_05","Sims"
"NPL (Eq. 3)",0,0.072,0.052,0.122,0.116,0.0115599307956406,500
"NPL (Eq. 3)",1,0.312,0.348,0.45,0.492,0.02071984555927,500
"H2a",0,0.048,0.09,0.11,0.146,0.00955991631762538,500
"H2a",1,0.242,0.456,0.416,0.62,0.0191539029965174,500
"H2a",2,0.602,0.884,0.798,0.938,0.0218904545407353,500
"H2b",0,0.026,0.366,0.066,0.49,0.00711674082709213,500
"H2b",1,0.034,0.494,0.098,0.64,0.00810481338464989,500
"H2b",2,0.078,0.81,0.164,0.892,0.0119929979571415,500
"H2c",0,0.074,0.106,0.128,0.17,0.0117067501895274,500
"H2c",1,0.422,0.666,0.614,0.796,0.0220869192057199,500
"H2c",2,0.752,0.97,0.91,0.996,0.0193130008025682,500
