"Scenario","Banks","Test","Lambda","Reject_WCB_05","Reject_cluster_05","MC_SE","Sims"
"Resampled",5,"H2a",0,0.0733333333333333,0.113333333333333,0.0150505321672863,300
"Resampled",5,"H2a",1,0.256666666666667,0.426666666666667,0.0252183061081224,300
"Resampled",5,"H2b",0,0.0233333333333333,0.36,0.0087156734084615,300
"Resampled",5,"H2b",1,0.0233333333333333,0.553333333333333,0.0087156734084615,300
"Resampled",5,"H2c",0,0.0766666666666667,0.126666666666667,0.0153610859955591,300
"Resampled",5,"H2c",1,0.406666666666667,0.66,0.0283601180585747,300
"Resampled",10,"H2a",0,0.06,0.1,0.0137113092008021,300
"Resampled",10,"H2a",1,0.52,0.743333333333333,0.0288444102037119,300
"Resampled",10,"H2b",0,0.0433333333333333,0.256666666666667,0.0117552194868996,300
"Resampled",10,"H2b",1,0.153333333333333,0.543333333333333,0.0208024215114669,300
"Resampled",10,"H2c",0,0.0566666666666667,0.08,0.0133486023682326,300
"Resampled",10,"H2c",1,0.773333333333333,0.89,0.0241722215837994,300
"Resampled",15,"H2a",0,0.0466666666666667,0.06,0.0121776966745069,300
"Resampled",15,"H2a",1,0.75,0.856666666666667,0.025,300
"Resampled",15,"H2b",0,0.0533333333333333,0.21,0.0129729062394013,300
"Resampled",15,"H2b",1,0.246666666666667,0.586666666666667,0.0248878968056244,300
"Resampled",15,"H2c",0,0.06,0.0833333333333333,0.0137113092008021,300
"Resampled",15,"H2c",1,0.973333333333333,0.986666666666667,0.00930153312731393,300
"Resampled",20,"H2a",0,0.0466666666666667,0.0566666666666667,0.0121776966745069,300
"Resampled",20,"H2a",1,0.89,0.92,0.0180646985397856,300
"Resampled",20,"H2b",0,0.0633333333333333,0.16,0.0140620318852128,300
"Resampled",20,"H2b",1,0.373333333333333,0.593333333333333,0.0279258276842756,300
"Resampled",20,"H2c",0,0.0433333333333333,0.0466666666666667,0.0117552194868996,300
"Resampled",20,"H2c",1,1,1,0,300
"Resampled",25,"H2a",0,0.0733333333333333,0.0866666666666667,0.0150505321672863,300
"Resampled",25,"H2a",1,0.95,0.963333333333333,0.0125830573921179,300
"Resampled",25,"H2b",0,0.09,0.153333333333333,0.0165227116418583,300
"Resampled",25,"H2b",1,0.463333333333333,0.68,0.0287897872838938,300
"Resampled",25,"H2c",0,0.0533333333333333,0.0533333333333333,0.0129729062394013,300
"Resampled",25,"H2c",1,1,1,0,300
"Even",5,"H2a",0,0.0533333333333333,0.0566666666666667,0.0129729062394013,300
"Even",5,"H2a",1,0.466666666666667,0.56,0.0288032919929238,300
"Even",5,"H2b",0,0.0733333333333333,0.123333333333333,0.0150505321672863,300
"Even",5,"H2b",1,0.113333333333333,0.203333333333333,0.0183019934150071,300
"Even",5,"H2c",0,0.0533333333333333,0.12,0.0129729062394013,300
"Even",5,"H2c",1,0.606666666666667,0.876666666666667,0.0282029680602487,300
"Even",10,"H2a",0,0.0566666666666667,0.05,0.0133486023682326,300
"Even",10,"H2a",1,0.866666666666667,0.89,0.0196261352585063,300
"Even",10,"H2b",0,0.06,0.0966666666666667,0.0137113092008021,300
"Even",10,"H2b",1,0.233333333333333,0.283333333333333,0.0244191788620399,300
"Even",10,"H2c",0,0.0466666666666667,0.0633333333333333,0.0121776966745069,300
"Even",10,"H2c",1,0.983333333333333,1,0.00739118594202783,300
"Even",15,"H2a",0,0.05,0.05,0.0125830573921179,300
"Even",15,"H2a",1,0.973333333333333,0.976666666666667,0.00930153312731393,300
"Even",15,"H2b",0,0.05,0.06,0.0125830573921179,300
"Even",15,"H2b",1,0.383333333333333,0.433333333333333,0.0280706779925773,300
"Even",15,"H2c",0,0.07,0.08,0.0147309198626562,300
"Even",15,"H2c",1,1,1,0,300
"Even",20,"H2a",0,0.0433333333333333,0.0466666666666667,0.0117552194868996,300
"Even",20,"H2a",1,0.993333333333333,0.993333333333333,0.00469830544708134,300
"Even",20,"H2b",0,0.0433333333333333,0.0566666666666667,0.0117552194868996,300
"Even",20,"H2b",1,0.486666666666667,0.513333333333333,0.0288572476293347,300
"Even",20,"H2c",0,0.05,0.06,0.0125830573921179,300
"Even",20,"H2c",1,1,1,0,300
"Even",25,"H2a",0,0.0433333333333333,0.0333333333333333,0.0117552194868996,300
"Even",25,"H2a",1,1,1,0,300
"Even",25,"H2b",0,0.0633333333333333,0.0533333333333333,0.0140620318852128,300
"Even",25,"H2b",1,0.623333333333333,0.636666666666667,0.0279755183978712,300
"Even",25,"H2c",0,0.0666666666666667,0.0733333333333333,0.0144016459964619,300
"Even",25,"H2c",1,1,1,0,300
